[
  {
    "value": "solar",
    "synonyms": [
      "“solar”",
      "solar power",
      "photovoltaic"
    ]
  },
  {
    "value": "wind",
    "synonyms": [
      "wind",
      "wind energy",
      "turbines"
    ]
  },
  {
    "value": "hydro",
    "synonyms": [
      "hydro",
      "hydro power",
      "hudroelectric"
    ]
  },
  {
    "value": "geothermal",
    "synonyms": [
      "geothermal",
      "geothermal energy"
    ]
  },
  {
    "value": "biomass",
    "synonyms": [
      "biomass",
      "bioenergy",
      "biofuel"
    ]
  }
]