[
  {
    "id": "c7479cf5-eaa4-415c-87d7-914e5099449a",
    "data": [
      {
        "text": "Why renewables for environment",
        "userDefined": false
      }
    ],
    "isTemplate": false,
    "count": 0,
    "lang": "en",
    "updated": 0
  },
  {
    "id": "a4c291da-2865-4304-adfd-f6bb1f8ed56e",
    "data": [
      {
        "text": "Hydro environmental benefits",
        "userDefined": false
      }
    ],
    "isTemplate": false,
    "count": 0,
    "lang": "en",
    "updated": 0
  },
  {
    "id": "e3cd9110-811d-481c-bc9f-acf5c6983b2d",
    "data": [
      {
        "text": "Wind power environmental impact?",
        "userDefined": false
      }
    ],
    "isTemplate": false,
    "count": 0,
    "lang": "en",
    "updated": 0
  },
  {
    "id": "2c82ce16-699b-4b6c-b1d3-c91c74827a9b",
    "data": [
      {
        "text": "How solar reduces pollution",
        "userDefined": false
      }
    ],
    "isTemplate": false,
    "count": 0,
    "lang": "en",
    "updated": 0
  },
  {
    "id": "8c139e12-1a6f-4a0b-af1e-534947358760",
    "data": [
      {
        "text": "Renewables and environment?",
        "userDefined": false
      }
    ],
    "isTemplate": false,
    "count": 0,
    "lang": "en",
    "updated": 0
  },
  {
    "id": "60c98be8-25a3-458e-a28e-00076b553d32",
    "data": [
      {
        "text": "Why are renewables eco-friendly?",
        "userDefined": false
      }
    ],
    "isTemplate": false,
    "count": 0,
    "lang": "en",
    "updated": 0
  },
  {
    "id": "52392ed7-8d3e-4cdc-a9ad-86dc94b2b740",
    "data": [
      {
        "text": "Environmental benefits of solar?",
        "userDefined": false
      }
    ],
    "isTemplate": false,
    "count": 0,
    "lang": "en",
    "updated": 0
  },
  {
    "id": "1022605f-c115-43ee-8f71-2a3b4d5703b0",
    "data": [
      {
        "text": "How do renewables help the planet?",
        "userDefined": false
      }
    ],
    "isTemplate": false,
    "count": 0,
    "lang": "en",
    "updated": 0
  },
  {
    "id": "101eb472-715e-452d-960f-8e563c3eeae8",
    "data": [
      {
        "text": "  Eco impact of renewables",
        "userDefined": false
      }
    ],
    "isTemplate": false,
    "count": 0,
    "lang": "en",
    "updated": 0
  }
]