[
  {
    "id": "2b09189f-d2d6-40e7-8581-bd69939a6d67",
    "data": [
      {
        "text": "Biomass info",
        "userDefined": false
      }
    ],
    "isTemplate": false,
    "count": 0,
    "lang": "en",
    "updated": 0
  },
  {
    "id": "b3019279-56bb-4383-9f40-2fb1e93b89d3",
    "data": [
      {
        "text": "Biomass benefits",
        "userDefined": false
      }
    ],
    "isTemplate": false,
    "count": 0,
    "lang": "en",
    "updated": 0
  },
  {
    "id": "a65d4143-c622-408f-a0a2-bc0bf56f501d",
    "data": [
      {
        "text": "Biomass fuel",
        "userDefined": false
      }
    ],
    "isTemplate": false,
    "count": 0,
    "lang": "en",
    "updated": 0
  },
  {
    "id": "aa865857-7329-4474-9226-20a18bb5f9fe",
    "data": [
      {
        "text": "Explain biomass",
        "userDefined": false
      }
    ],
    "isTemplate": false,
    "count": 0,
    "lang": "en",
    "updated": 0
  },
  {
    "id": "d1fa89b2-3e98-4a70-b083-fbe4bea14dfd",
    "data": [
      {
        "text": "What is biomass power",
        "userDefined": false
      }
    ],
    "isTemplate": false,
    "count": 0,
    "lang": "en",
    "updated": 0
  },
  {
    "id": "e29cf009-07e8-4f2d-a60a-cdc026ddfd33",
    "data": [
      {
        "text": "Biomass energy",
        "userDefined": false
      }
    ],
    "isTemplate": false,
    "count": 0,
    "lang": "en",
    "updated": 0
  },
  {
    "id": "142db41f-5987-41e1-aefd-f0d0236936ea",
    "data": [
      {
        "text": "How biomass works",
        "userDefined": false
      }
    ],
    "isTemplate": false,
    "count": 0,
    "lang": "en",
    "updated": 0
  },
  {
    "id": "ccf315ae-a400-4dbb-afdb-25e1eeb7d592",
    "data": [
      {
        "text": "Tell me about biomasss",
        "userDefined": false
      }
    ],
    "isTemplate": false,
    "count": 0,
    "lang": "en",
    "updated": 0
  },
  {
    "id": "74d99e6d-da54-4ff4-a761-4e5f9c8b24ab",
    "data": [
      {
        "text": "Biomass?",
        "userDefined": false
      }
    ],
    "isTemplate": false,
    "count": 0,
    "lang": "en",
    "updated": 0
  },
  {
    "id": "fe55e50d-63c5-4389-a30e-31bc8c00a727",
    "data": [
      {
        "text": "What\u0027\u0027s biomass?",
        "userDefined": false
      }
    ],
    "isTemplate": false,
    "count": 0,
    "lang": "en",
    "updated": 0
  }
]