[
  {
    "id": "0fb258b7-bc9b-4d9d-9cc9-8806955ff707",
    "data": [
      {
        "text": "Hydro info",
        "userDefined": false
      }
    ],
    "isTemplate": false,
    "count": 0,
    "lang": "en",
    "updated": 0
  },
  {
    "id": "b517ffa5-e66a-45b8-90b9-184422299b23",
    "data": [
      {
        "text": "Hydro benefits",
        "userDefined": false
      }
    ],
    "isTemplate": false,
    "count": 0,
    "lang": "en",
    "updated": 0
  },
  {
    "id": "30443a86-3ff1-444f-90c0-e28591366fba",
    "data": [
      {
        "text": "Hydropower?",
        "userDefined": false
      }
    ],
    "isTemplate": false,
    "count": 0,
    "lang": "en",
    "updated": 0
  },
  {
    "id": "1e91f177-c455-4c3c-9841-b12d4e2a5b8f",
    "data": [
      {
        "text": "Explain hydro",
        "userDefined": false
      }
    ],
    "isTemplate": false,
    "count": 0,
    "lang": "en",
    "updated": 0
  },
  {
    "id": "c967665f-e592-406a-a703-3d92abb94fea",
    "data": [
      {
        "text": "What is hydro energy",
        "userDefined": false
      }
    ],
    "isTemplate": false,
    "count": 0,
    "lang": "en",
    "updated": 0
  },
  {
    "id": "a9511732-f8d9-46fb-badc-d9d10cdcbbec",
    "data": [
      {
        "text": "Hydro power?",
        "userDefined": false
      }
    ],
    "isTemplate": false,
    "count": 0,
    "lang": "en",
    "updated": 0
  },
  {
    "id": "4a8b3db6-474e-44da-be57-e18868f789a9",
    "data": [
      {
        "text": "How hydro works",
        "userDefined": false
      }
    ],
    "isTemplate": false,
    "count": 0,
    "lang": "en",
    "updated": 0
  },
  {
    "id": "b591c9a1-853a-447e-9bcc-0342f653c659",
    "data": [
      {
        "text": "Tell me about hydro",
        "userDefined": false
      }
    ],
    "isTemplate": false,
    "count": 0,
    "lang": "en",
    "updated": 0
  },
  {
    "id": "bb40c63d-4e3c-4fa3-88f9-6eca0d77ded7",
    "data": [
      {
        "text": "Hydro?",
        "userDefined": false
      }
    ],
    "isTemplate": false,
    "count": 0,
    "lang": "en",
    "updated": 0
  },
  {
    "id": "2d23d12e-2bac-4409-99c4-962db8be31ae",
    "data": [
      {
        "text": "What\u0027s hydro",
        "userDefined": false
      }
    ],
    "isTemplate": false,
    "count": 0,
    "lang": "en",
    "updated": 0
  }
]