[
  {
    "id": "c842b558-6225-4693-9680-e6f202a1db96",
    "data": [
      {
        "text": "What’s new in renewable energy?",
        "userDefined": false
      }
    ],
    "isTemplate": false,
    "count": 0,
    "lang": "en",
    "updated": 0
  },
  {
    "id": "de39331f-7fa8-4877-9a71-1cc200613175",
    "data": [
      {
        "text": "Solar power innovations?",
        "userDefined": false
      }
    ],
    "isTemplate": false,
    "count": 0,
    "lang": "en",
    "updated": 0
  },
  {
    "id": "431fb1ba-663c-4cee-a6e2-3dd09133fd7d",
    "data": [
      {
        "text": "Wind energy advancements?",
        "userDefined": false
      }
    ],
    "isTemplate": false,
    "count": 0,
    "lang": "en",
    "updated": 0
  },
  {
    "id": "d86207d8-aeaf-4106-b18c-db29c7c37f96",
    "data": [
      {
        "text": "Hydro power innovations?",
        "userDefined": false
      }
    ],
    "isTemplate": false,
    "count": 0,
    "lang": "en",
    "updated": 0
  },
  {
    "id": "87a4e2ff-321d-4bec-8900-b849fdbab2b6",
    "data": [
      {
        "text": "Geothermal energy advances?",
        "userDefined": false
      }
    ],
    "isTemplate": false,
    "count": 0,
    "lang": "en",
    "updated": 0
  },
  {
    "id": "a05491cd-c9a1-44dd-b6a9-485b38571d2a",
    "data": [
      {
        "text": "Biomass energy innovations",
        "userDefined": false
      }
    ],
    "isTemplate": false,
    "count": 0,
    "lang": "en",
    "updated": 0
  },
  {
    "id": "c01ae3ae-b6a9-42a5-8c01-857197db1f65",
    "data": [
      {
        "text": "Renewable energy breakthroughs",
        "userDefined": false
      }
    ],
    "isTemplate": false,
    "count": 0,
    "lang": "en",
    "updated": 0
  },
  {
    "id": "2cca5cc4-27bf-4871-be73-2b8531b5e0cb",
    "data": [
      {
        "text": "New tech in green energy?",
        "userDefined": false
      }
    ],
    "isTemplate": false,
    "count": 0,
    "lang": "en",
    "updated": 0
  },
  {
    "id": "efd14277-a089-418e-a233-1154f6483b35",
    "data": [
      {
        "text": "Clean energy innovations",
        "userDefined": false
      }
    ],
    "isTemplate": false,
    "count": 0,
    "lang": "en",
    "updated": 0
  },
  {
    "id": "aca8f7aa-ca59-4ce6-8ef1-35a7d749b0a3",
    "data": [
      {
        "text": "Renewable tech updates",
        "userDefined": false
      }
    ],
    "isTemplate": false,
    "count": 0,
    "lang": "en",
    "updated": 0
  }
]