[
  {
    "id": "b765d598-31c0-41c3-a4f6-b0f2c505a3ae",
    "data": [
      {
        "text": "How to store solar power?",
        "userDefined": false
      }
    ],
    "isTemplate": false,
    "count": 0,
    "lang": "en",
    "updated": 0
  },
  {
    "id": "c59ae125-e725-4bd5-a555-b42d34438e3e",
    "data": [
      {
        "text": "Wind energy storage?",
        "userDefined": false
      }
    ],
    "isTemplate": false,
    "count": 0,
    "lang": "en",
    "updated": 0
  },
  {
    "id": "4c33f4e5-fd53-4342-b889-1133a51718b3",
    "data": [
      {
        "text": "Renewable energy storage",
        "userDefined": false
      }
    ],
    "isTemplate": false,
    "count": 0,
    "lang": "en",
    "updated": 0
  },
  {
    "id": "30028c6d-0d7c-42b3-956d-68c99535f50c",
    "data": [
      {
        "text": "Solar battery storage?",
        "userDefined": false
      }
    ],
    "isTemplate": false,
    "count": 0,
    "lang": "en",
    "updated": 0
  },
  {
    "id": "0246ab67-3a78-42d1-ae1d-f351ce63b081",
    "data": [
      {
        "text": "How to save wind power?",
        "userDefined": false
      }
    ],
    "isTemplate": false,
    "count": 0,
    "lang": "en",
    "updated": 0
  },
  {
    "id": "e4b135de-5b6a-4a99-89d0-c2c0bb9a5ae2",
    "data": [
      {
        "text": "Energy storage for renewables?",
        "userDefined": false
      }
    ],
    "isTemplate": false,
    "count": 0,
    "lang": "en",
    "updated": 0
  },
  {
    "id": "3d6d57b1-39aa-4576-a9c5-39648b1da168",
    "data": [
      {
        "text": "Batteries for solar?",
        "userDefined": false
      }
    ],
    "isTemplate": false,
    "count": 0,
    "lang": "en",
    "updated": 0
  },
  {
    "id": "8c4d49fd-1200-4fd1-a914-4faad288df58",
    "data": [
      {
        "text": "Store renewable energy?",
        "userDefined": false
      }
    ],
    "isTemplate": false,
    "count": 0,
    "lang": "en",
    "updated": 0
  },
  {
    "id": "483ca3cb-6987-4e99-9a2c-771b9903872b",
    "data": [
      {
        "text": "How to store green energy",
        "userDefined": false
      }
    ],
    "isTemplate": false,
    "count": 0,
    "lang": "en",
    "updated": 0
  },
  {
    "id": "3e9954bc-93c8-458c-820a-d9e9afba9a8d",
    "data": [
      {
        "text": "Renewable power storage",
        "userDefined": false
      }
    ],
    "isTemplate": false,
    "count": 0,
    "lang": "en",
    "updated": 0
  }
]