[
  {
    "id": "44cde95f-5b99-46aa-8982-742b0eaeb621",
    "data": [
      {
        "text": "Renewable energy obstacles",
        "userDefined": false
      }
    ],
    "isTemplate": false,
    "count": 1,
    "lang": "en",
    "updated": 0
  },
  {
    "id": "8461ce52-4b38-4eed-a23b-e056e798c3c2",
    "data": [
      {
        "text": "Problems with ",
        "userDefined": false
      },
      {
        "text": "green",
        "meta": "@sys.color",
        "alias": "color",
        "userDefined": false
      },
      {
        "text": " energy?",
        "userDefined": false
      }
    ],
    "isTemplate": false,
    "count": 0,
    "lang": "en",
    "updated": 0
  },
  {
    "id": "6e1c4728-aafc-41f1-bf77-d70418f4fa4d",
    "data": [
      {
        "text": "Biomass energy issues",
        "userDefined": false
      }
    ],
    "isTemplate": false,
    "count": 0,
    "lang": "en",
    "updated": 0
  },
  {
    "id": "c98ed554-ca3a-4481-927b-9dcb95965fd3",
    "data": [
      {
        "text": "Geothermal challenges?",
        "userDefined": false
      }
    ],
    "isTemplate": false,
    "count": 0,
    "lang": "en",
    "updated": 0
  },
  {
    "id": "36cfbc13-f3fb-42a6-9174-0859deb64047",
    "data": [
      {
        "text": "Issues with renewables?",
        "userDefined": false
      }
    ],
    "isTemplate": false,
    "count": 0,
    "lang": "en",
    "updated": 0
  },
  {
    "id": "1f89a522-12a4-4a76-aafc-401786067c5b",
    "data": [
      {
        "text": "Renewable energy drawbacks",
        "userDefined": false
      }
    ],
    "isTemplate": false,
    "count": 0,
    "lang": "en",
    "updated": 0
  },
  {
    "id": "2c02654b-1981-49e6-b64f-d65002f57eb9",
    "data": [
      {
        "text": "Hydro power challenges?",
        "userDefined": false
      }
    ],
    "isTemplate": false,
    "count": 0,
    "lang": "en",
    "updated": 0
  },
  {
    "id": "87d1c4d4-e74f-4ae3-bcc7-ee954ec0f2ef",
    "data": [
      {
        "text": "Wind energy problems?",
        "userDefined": false
      }
    ],
    "isTemplate": false,
    "count": 0,
    "lang": "en",
    "updated": 0
  },
  {
    "id": "962ea760-3c05-455d-a57b-92f2b68d9ecc",
    "data": [
      {
        "text": "Solar power issues?",
        "userDefined": false
      }
    ],
    "isTemplate": false,
    "count": 0,
    "lang": "en",
    "updated": 0
  },
  {
    "id": "0eca0693-3da1-412a-8c69-791e9371f95e",
    "data": [
      {
        "text": "What are renewable energy challenges?",
        "userDefined": false
      }
    ],
    "isTemplate": false,
    "count": 0,
    "lang": "en",
    "updated": 0
  }
]