[
  {
    "id": "ef2c6aa5-fe9c-4b06-888d-a643a2fc25c0",
    "data": [
      {
        "text": "Jobs in renewable energy?",
        "userDefined": false
      }
    ],
    "isTemplate": false,
    "count": 0,
    "lang": "en",
    "updated": 0
  },
  {
    "id": "08b95553-f97b-41a3-897b-e657d48b5b85",
    "data": [
      {
        "text": "Solar energy jobs?",
        "userDefined": false
      }
    ],
    "isTemplate": false,
    "count": 0,
    "lang": "en",
    "updated": 0
  },
  {
    "id": "96933c49-fd97-4e60-9f47-4e823447b7c4",
    "data": [
      {
        "text": "Wind power careers?",
        "userDefined": false
      }
    ],
    "isTemplate": false,
    "count": 0,
    "lang": "en",
    "updated": 0
  },
  {
    "id": "357bc020-b3d5-4e8a-9792-089d24e19ecc",
    "data": [
      {
        "text": "Hydro energy jobs?",
        "userDefined": false
      }
    ],
    "isTemplate": false,
    "count": 0,
    "lang": "en",
    "updated": 0
  },
  {
    "id": "5d619932-cd9c-46bd-9d75-a658d348ab12",
    "data": [
      {
        "text": "Geothermal job opportunities?",
        "userDefined": false
      }
    ],
    "isTemplate": false,
    "count": 0,
    "lang": "en",
    "updated": 0
  },
  {
    "id": "f8486b81-d236-4538-8908-e92924e6536e",
    "data": [
      {
        "text": "Biomass energy jobs",
        "userDefined": false
      }
    ],
    "isTemplate": false,
    "count": 0,
    "lang": "en",
    "updated": 0
  },
  {
    "id": "1b1080f2-06f3-459d-b68c-d0f207a1e144",
    "data": [
      {
        "text": "Renewable energy careers",
        "userDefined": false
      }
    ],
    "isTemplate": false,
    "count": 0,
    "lang": "en",
    "updated": 0
  },
  {
    "id": "fd57f095-963c-4caa-bb2e-743f70891cb3",
    "data": [
      {
        "text": "Work in green energy?",
        "userDefined": false
      }
    ],
    "isTemplate": false,
    "count": 0,
    "lang": "en",
    "updated": 0
  },
  {
    "id": "2b3b73ab-3a9d-423e-a1da-3dc4d7c95c97",
    "data": [
      {
        "text": "Jobs in clean energy",
        "userDefined": false
      }
    ],
    "isTemplate": false,
    "count": 0,
    "lang": "en",
    "updated": 0
  },
  {
    "id": "d719fc41-96a5-4bbc-b1fa-6070d00d28dc",
    "data": [
      {
        "text": "Renewable job market",
        "userDefined": false
      }
    ],
    "isTemplate": false,
    "count": 0,
    "lang": "en",
    "updated": 0
  }
]