[
  {
    "id": "9f046a2f-1a0a-466b-a4de-adf6335c0878",
    "data": [
      {
        "text": "Solar info",
        "userDefined": false
      }
    ],
    "isTemplate": false,
    "count": 0,
    "lang": "en",
    "updated": 0
  },
  {
    "id": "78958a16-2f32-4234-951e-c3586e04aeab",
    "data": [
      {
        "text": "What do solar panels do",
        "userDefined": false
      }
    ],
    "isTemplate": false,
    "count": 0,
    "lang": "en",
    "updated": 0
  },
  {
    "id": "caa20390-e6f4-4a86-9554-d6afa2d119ef",
    "data": [
      {
        "text": "Solar for homes",
        "userDefined": false
      }
    ],
    "isTemplate": false,
    "count": 0,
    "lang": "en",
    "updated": 0
  },
  {
    "id": "194934a2-d3e1-41ec-9361-caf1d8169159",
    "data": [
      {
        "text": "Solar benefits;",
        "userDefined": false
      }
    ],
    "isTemplate": false,
    "count": 0,
    "lang": "en",
    "updated": 0
  },
  {
    "id": "20d6ccd7-058f-4eed-b694-685860ee68c3",
    "data": [
      {
        "text": "Solar panels?",
        "userDefined": false
      }
    ],
    "isTemplate": false,
    "count": 1,
    "lang": "en",
    "updated": 0
  },
  {
    "id": "09c1ed64-6327-4446-9fdd-f50064a2f2bc",
    "data": [
      {
        "text": "Explain solar",
        "userDefined": false
      }
    ],
    "isTemplate": false,
    "count": 0,
    "lang": "en",
    "updated": 0
  },
  {
    "id": "00b9ac0c-ab83-44d7-8be0-b35335a3eec9",
    "data": [
      {
        "text": "What is solar power",
        "userDefined": false
      }
    ],
    "isTemplate": false,
    "count": 0,
    "lang": "en",
    "updated": 0
  },
  {
    "id": "d2f0b782-7c57-4f2c-bdb8-5b9163f3d70a",
    "data": [
      {
        "text": "Solar energy?",
        "userDefined": false
      }
    ],
    "isTemplate": false,
    "count": 0,
    "lang": "en",
    "updated": 0
  },
  {
    "id": "12b9a886-cfed-4050-ae9b-b720f89bd745",
    "data": [
      {
        "text": "How solar works",
        "userDefined": false
      }
    ],
    "isTemplate": false,
    "count": 0,
    "lang": "en",
    "updated": 0
  },
  {
    "id": "5321d1a0-d497-4af5-954f-03d380eceda0",
    "data": [
      {
        "text": "Tell me about solar",
        "userDefined": false
      }
    ],
    "isTemplate": false,
    "count": 0,
    "lang": "en",
    "updated": 0
  },
  {
    "id": "afb16577-7b73-4087-9b54-7ec5b7dd0a6a",
    "data": [
      {
        "text": "Solar?",
        "userDefined": false
      }
    ],
    "isTemplate": false,
    "count": 0,
    "lang": "en",
    "updated": 0
  },
  {
    "id": "85ca0ef5-422c-495b-bd5b-44405e5062fd",
    "data": [
      {
        "text": "What\u0027s solar?",
        "userDefined": false
      }
    ],
    "isTemplate": false,
    "count": 0,
    "lang": "en",
    "updated": 0
  }
]