[
  {
    "id": "a23014cd-6a31-44b0-b2a3-a16051f64d11",
    "data": [
      {
        "text": "What can you do?",
        "userDefined": false
      }
    ],
    "isTemplate": false,
    "count": 0,
    "lang": "en",
    "updated": 0
  },
  {
    "id": "5a1f9377-af89-4bcc-8c2b-75517f994cf9",
    "data": [
      {
        "text": "What do you know?",
        "userDefined": false
      }
    ],
    "isTemplate": false,
    "count": 0,
    "lang": "en",
    "updated": 0
  },
  {
    "id": "a98ae7c2-826b-48cf-aa31-63358cd3ab24",
    "data": [
      {
        "text": "Your skills?",
        "userDefined": false
      }
    ],
    "isTemplate": false,
    "count": 0,
    "lang": "en",
    "updated": 0
  },
  {
    "id": "6119131d-505c-47f7-9d63-c08661875338",
    "data": [
      {
        "text": "What’s your deal?",
        "userDefined": false
      }
    ],
    "isTemplate": false,
    "count": 0,
    "lang": "en",
    "updated": 0
  },
  {
    "id": "93b71d2a-2496-4463-87f1-621a8bf8b031",
    "data": [
      {
        "text": "Can you help with renewables?",
        "userDefined": false
      }
    ],
    "isTemplate": false,
    "count": 0,
    "lang": "en",
    "updated": 0
  }
]