[
  {
    "id": "a7ee670c-5e4a-44cb-bb83-66964ae4bb66",
    "data": [
      {
        "text": "e",
        "userDefined": false
      }
    ],
    "isTemplate": false,
    "count": 0,
    "lang": "en",
    "updated": 0
  },
  {
    "id": "36b818bf-8a7c-489d-b0ed-733c72c0fb4b",
    "data": [
      {
        "text": "Eco tips",
        "userDefined": false
      }
    ],
    "isTemplate": false,
    "count": 0,
    "lang": "en",
    "updated": 0
  },
  {
    "id": "3bdf52bc-8fc5-48a4-a5b8-1a388eeff0de",
    "data": [
      {
        "text": "Lower energy use",
        "userDefined": false
      }
    ],
    "isTemplate": false,
    "count": 0,
    "lang": "en",
    "updated": 0
  },
  {
    "id": "d8a638a9-1f01-4343-a662-7446578b87cd",
    "data": [
      {
        "text": "Energy efficiency?",
        "userDefined": false
      }
    ],
    "isTemplate": false,
    "count": 0,
    "lang": "en",
    "updated": 0
  },
  {
    "id": "2f3dfadb-0d79-45a3-845f-710fb2e36329",
    "data": [
      {
        "text": "Save electricity",
        "userDefined": false
      }
    ],
    "isTemplate": false,
    "count": 0,
    "lang": "en",
    "updated": 0
  },
  {
    "id": "60f0a934-7bf7-44a9-907d-79c0d59c5b13",
    "data": [
      {
        "text": "Tips for less power",
        "userDefined": false
      }
    ],
    "isTemplate": false,
    "count": 0,
    "lang": "en",
    "updated": 0
  },
  {
    "id": "058a7b4d-f67b-4b27-a5d8-6d14ee563ec5",
    "data": [
      {
        "text": "How to reduce energy",
        "userDefined": false
      }
    ],
    "isTemplate": false,
    "count": 0,
    "lang": "en",
    "updated": 0
  },
  {
    "id": "6b1d603c-fa2d-4032-be66-b16d2de02857",
    "data": [
      {
        "text": "Energy saving ideas",
        "userDefined": false
      }
    ],
    "isTemplate": false,
    "count": 0,
    "lang": "en",
    "updated": 0
  },
  {
    "id": "8f7ba58e-e96d-4cb5-a08a-5ff65209f04c",
    "data": [
      {
        "text": "Ways to use less energy",
        "userDefined": false
      }
    ],
    "isTemplate": false,
    "count": 0,
    "lang": "en",
    "updated": 0
  },
  {
    "id": "e3cfbaf0-f322-4b73-ac34-19e4ec243056",
    "data": [
      {
        "text": "Save power?",
        "userDefined": false
      }
    ],
    "isTemplate": false,
    "count": 0,
    "lang": "en",
    "updated": 0
  },
  {
    "id": "2224a65b-5fca-4954-a0a8-32acb63a1646",
    "data": [
      {
        "text": "Energy tips",
        "userDefined": false
      }
    ],
    "isTemplate": false,
    "count": 0,
    "lang": "en",
    "updated": 0
  },
  {
    "id": "9c59b15f-20f8-4d6e-a359-9ab1dff2490e",
    "data": [
      {
        "text": "Save energy?",
        "userDefined": false
      }
    ],
    "isTemplate": false,
    "count": 0,
    "lang": "en",
    "updated": 0
  },
  {
    "id": "63fdb36e-3943-405d-a7ee-b1e30d36fe94",
    "data": [
      {
        "text": "How to save energy?",
        "userDefined": false
      }
    ],
    "isTemplate": false,
    "count": 0,
    "lang": "en",
    "updated": 0
  }
]