[
  {
    "id": "4f9b2c9e-6a50-48e4-95dd-0c819327c100",
    "data": [
      {
        "text": "What are community renewable projects?",
        "userDefined": false
      }
    ],
    "isTemplate": false,
    "count": 0,
    "lang": "en",
    "updated": 0
  },
  {
    "id": "1a5803cc-20de-4707-843d-69ad70bfd3e7",
    "data": [
      {
        "text": "Community solar energy?",
        "userDefined": false
      }
    ],
    "isTemplate": false,
    "count": 0,
    "lang": "en",
    "updated": 0
  },
  {
    "id": "94fac6b1-a046-4384-8e59-5d616ba09082",
    "data": [
      {
        "text": "Community wind power?",
        "userDefined": false
      }
    ],
    "isTemplate": false,
    "count": 0,
    "lang": "en",
    "updated": 0
  },
  {
    "id": "489bc5c8-9c51-4bc5-ba0e-c68cf428c6c2",
    "data": [
      {
        "text": "Shared renewable energy?",
        "userDefined": false
      }
    ],
    "isTemplate": false,
    "count": 0,
    "lang": "en",
    "updated": 0
  },
  {
    "id": "69db26d2-867f-47cc-b6f8-7332472d9943",
    "data": [
      {
        "text": "Community green energy projects",
        "userDefined": false
      }
    ],
    "isTemplate": false,
    "count": 0,
    "lang": "en",
    "updated": 0
  },
  {
    "id": "b509e3bb-67b8-42fe-b98e-89b869e81a25",
    "data": [
      {
        "text": "Local renewable energy initiatives",
        "userDefined": false
      }
    ],
    "isTemplate": false,
    "count": 0,
    "lang": "en",
    "updated": 0
  },
  {
    "id": "cf21fdbe-0367-4fc2-8c33-1ac159322b22",
    "data": [
      {
        "text": "Community clean energy?",
        "userDefined": false
      }
    ],
    "isTemplate": false,
    "count": 0,
    "lang": "en",
    "updated": 0
  },
  {
    "id": "547e8b5d-f672-4a7b-97a2-7db25933b794",
    "data": [
      {
        "text": "Neighborhood renewable projects",
        "userDefined": false
      }
    ],
    "isTemplate": false,
    "count": 0,
    "lang": "en",
    "updated": 0
  },
  {
    "id": "c588086e-05df-490a-8447-7c960408029f",
    "data": [
      {
        "text": "Community energy sharing",
        "userDefined": false
      }
    ],
    "isTemplate": false,
    "count": 0,
    "lang": "en",
    "updated": 0
  },
  {
    "id": "752a50b6-11ae-4950-829f-1f799d47787f",
    "data": [
      {
        "text": "Local green energy programs",
        "userDefined": false
      }
    ],
    "isTemplate": false,
    "count": 0,
    "lang": "en",
    "updated": 0
  }
]