[
  {
    "id": "6c0a2d84-ff0e-4588-add9-e0fa7d11bddc",
    "data": [
      {
        "text": "How to start with renewables",
        "userDefined": false
      }
    ],
    "isTemplate": false,
    "count": 0,
    "lang": "en",
    "updated": 0
  },
  {
    "id": "e47be69c-63b6-4c4b-bccb-c761df72ce4f",
    "data": [
      {
        "text": "Solar panel setup",
        "userDefined": false
      }
    ],
    "isTemplate": false,
    "count": 0,
    "lang": "en",
    "updated": 0
  },
  {
    "id": "11eb510b-4b91-4571-9c4d-9059638c7458",
    "data": [
      {
        "text": "Install renewables?",
        "userDefined": false
      }
    ],
    "isTemplate": false,
    "count": 0,
    "lang": "en",
    "updated": 0
  },
  {
    "id": "3d07bf3d-52ef-4a3f-9bb2-4e3e5e576f51",
    "data": [
      {
        "text": "Hydro system installation",
        "userDefined": false
      }
    ],
    "isTemplate": false,
    "count": 0,
    "lang": "en",
    "updated": 0
  },
  {
    "id": "bdeb178a-2cc0-4820-bb42-acda641e9ba0",
    "data": [
      {
        "text": "Wind power setup?",
        "userDefined": false
      }
    ],
    "isTemplate": false,
    "count": 0,
    "lang": "en",
    "updated": 0
  },
  {
    "id": "1a6363a0-0ccb-461f-a249-23f607e8a376",
    "data": [
      {
        "text": "How to get solar at home",
        "userDefined": false
      }
    ],
    "isTemplate": false,
    "count": 0,
    "lang": "en",
    "updated": 0
  },
  {
    "id": "dfa82dc2-70f6-4df5-9f6b-4164e0f7f667",
    "data": [
      {
        "text": "Solar installation guide",
        "userDefined": false
      }
    ],
    "isTemplate": false,
    "count": 0,
    "lang": "en",
    "updated": 0
  },
  {
    "id": "38c7466b-61a8-4248-a4f3-94535d0f3019",
    "data": [
      {
        "text": "Set up hydro power?",
        "userDefined": false
      }
    ],
    "isTemplate": false,
    "count": 0,
    "lang": "en",
    "updated": 0
  },
  {
    "id": "2a9ec65c-50fd-484d-8768-b8fb5915d86e",
    "data": [
      {
        "text": "Installing wind turbines?",
        "userDefined": false
      }
    ],
    "isTemplate": false,
    "count": 0,
    "lang": "en",
    "updated": 0
  },
  {
    "id": "ee600288-6118-40d2-a1dc-1ffff421d9d9",
    "data": [
      {
        "text": "How to install solar panels?",
        "userDefined": false
      }
    ],
    "isTemplate": false,
    "count": 0,
    "lang": "en",
    "updated": 0
  }
]