[
  {
    "id": "e30358c2-2bb8-4520-a44a-25da72e401d0",
    "data": [
      {
        "text": "future of solar",
        "userDefined": false
      }
    ],
    "isTemplate": false,
    "count": 0,
    "lang": "en",
    "updated": 0
  },
  {
    "id": "752ef309-4e61-4fa4-9d8e-af21418d47d4",
    "data": [
      {
        "text": "Future of renewables?",
        "userDefined": false
      }
    ],
    "isTemplate": false,
    "count": 0,
    "lang": "en",
    "updated": 0
  },
  {
    "id": "7e14df86-e71c-4872-abf2-c87d68c51311",
    "data": [
      {
        "text": "What’s next for solar?",
        "userDefined": false
      }
    ],
    "isTemplate": false,
    "count": 0,
    "lang": "en",
    "updated": 0
  },
  {
    "id": "2cd19117-c092-4d3a-b390-39af256d8503",
    "data": [
      {
        "text": "Wind energy future?",
        "userDefined": false
      }
    ],
    "isTemplate": false,
    "count": 0,
    "lang": "en",
    "updated": 0
  },
  {
    "id": "9e2f7a2c-aca8-4de6-a862-8e9f770450fa",
    "data": [
      {
        "text": "Hydro power future?",
        "userDefined": false
      }
    ],
    "isTemplate": false,
    "count": 0,
    "lang": "en",
    "updated": 0
  },
  {
    "id": "1e07e2f2-d98f-4c5b-9b78-9eb082f9a596",
    "data": [
      {
        "text": "Geothermal future?",
        "userDefined": false
      }
    ],
    "isTemplate": false,
    "count": 0,
    "lang": "en",
    "updated": 0
  },
  {
    "id": "2aff5000-69cd-49ae-811e-95eadb3ac41d",
    "data": [
      {
        "text": "Biomass energy future?",
        "userDefined": false
      }
    ],
    "isTemplate": false,
    "count": 0,
    "lang": "en",
    "updated": 0
  },
  {
    "id": "dc48ab1d-b05a-4142-81db-566de7a72b7b",
    "data": [
      {
        "text": "Clean energy future?",
        "userDefined": false
      }
    ],
    "isTemplate": false,
    "count": 0,
    "lang": "en",
    "updated": 0
  },
  {
    "id": "116fa03b-e029-4422-8263-2a570e9f0525",
    "data": [
      {
        "text": "Renewable energy outlook?",
        "userDefined": false
      }
    ],
    "isTemplate": false,
    "count": 0,
    "lang": "en",
    "updated": 0
  },
  {
    "id": "bf026bbb-1345-48f2-bc06-e56bbd6f59db",
    "data": [
      {
        "text": "Green energy future?",
        "userDefined": false
      }
    ],
    "isTemplate": false,
    "count": 0,
    "lang": "en",
    "updated": 0
  },
  {
    "id": "6f8d2aba-74b9-4ff5-a759-0567fe33beb5",
    "data": [
      {
        "text": "Renewables in 2050?",
        "userDefined": false
      }
    ],
    "isTemplate": false,
    "count": 0,
    "lang": "en",
    "updated": 0
  }
]