[
  {
    "id": "adde65f3-6ce1-4907-b4e1-cdc499a3b040",
    "data": [
      {
        "text": "Where to install solar panels?",
        "userDefined": false
      }
    ],
    "isTemplate": false,
    "count": 0,
    "lang": "en",
    "updated": 0
  },
  {
    "id": "f50b50f5-2e0b-4884-ac93-429768464924",
    "data": [
      {
        "text": "Best place for wind turbines?",
        "userDefined": false
      }
    ],
    "isTemplate": false,
    "count": 0,
    "lang": "en",
    "updated": 0
  },
  {
    "id": "557d7829-2a63-4ac2-94f5-9eb20217fce0",
    "data": [
      {
        "text": "Hydro power locations?",
        "userDefined": false
      }
    ],
    "isTemplate": false,
    "count": 0,
    "lang": "en",
    "updated": 0
  },
  {
    "id": "57558154-a3b1-4f5f-8115-4023d25a92e9",
    "data": [
      {
        "text": "Where to use renewables?",
        "userDefined": false
      }
    ],
    "isTemplate": false,
    "count": 0,
    "lang": "en",
    "updated": 0
  },
  {
    "id": "6671d813-3371-4237-beba-4bbd307e8d5c",
    "data": [
      {
        "text": "Solar energy locations?",
        "userDefined": false
      }
    ],
    "isTemplate": false,
    "count": 0,
    "lang": "en",
    "updated": 0
  },
  {
    "id": "2f9ae704-997d-4be9-bf59-8f9eb0ca6406",
    "data": [
      {
        "text": "Wind power sites?",
        "userDefined": false
      }
    ],
    "isTemplate": false,
    "count": 0,
    "lang": "en",
    "updated": 0
  },
  {
    "id": "7db5cb3f-e8f0-4ae9-a4ef-e4785ab3bfcf",
    "data": [
      {
        "text": "Geothermal energy places?",
        "userDefined": false
      }
    ],
    "isTemplate": false,
    "count": 0,
    "lang": "en",
    "updated": 0
  },
  {
    "id": "6a311158-f963-45f1-b984-49fedb8b39e6",
    "data": [
      {
        "text": "Biomass energy locations",
        "userDefined": false
      }
    ],
    "isTemplate": false,
    "count": 0,
    "lang": "en",
    "updated": 0
  },
  {
    "id": "2c9743d3-7eb9-4df2-8829-e2de94ddf0db",
    "data": [
      {
        "text": "Best locations for renewables",
        "userDefined": false
      }
    ],
    "isTemplate": false,
    "count": 0,
    "lang": "en",
    "updated": 0
  },
  {
    "id": "8916e5c4-e9c6-428f-a32b-d31cfec522e9",
    "data": [
      {
        "text": "Where to put renewable energy",
        "userDefined": false
      }
    ],
    "isTemplate": false,
    "count": 0,
    "lang": "en",
    "updated": 0
  }
]