[
  {
    "id": "5152e037-0ab9-43ee-8492-9ee28b7222b2",
    "data": [
      {
        "text": "Who are you?",
        "userDefined": false
      }
    ],
    "isTemplate": false,
    "count": 0,
    "lang": "en",
    "updated": 0
  },
  {
    "id": "a26411f8-7f22-4250-91ba-7701d7dac5b1",
    "data": [
      {
        "text": "What’s your name?",
        "userDefined": false
      }
    ],
    "isTemplate": false,
    "count": 0,
    "lang": "en",
    "updated": 0
  },
  {
    "id": "88e682f9-ae98-43f3-973d-0c87d58e6a1a",
    "data": [
      {
        "text": "Who’s this?",
        "userDefined": false
      }
    ],
    "isTemplate": false,
    "count": 0,
    "lang": "en",
    "updated": 0
  },
  {
    "id": "c3dce10a-b54a-4673-91f8-ee4e5627bec2",
    "data": [
      {
        "text": "What are you?",
        "userDefined": false
      }
    ],
    "isTemplate": false,
    "count": 0,
    "lang": "en",
    "updated": 0
  },
  {
    "id": "b2d0bafc-0ae0-4d9a-9e4c-4e9f02340771",
    "data": [
      {
        "text": "Introduce yourself?",
        "userDefined": false
      }
    ],
    "isTemplate": false,
    "count": 0,
    "lang": "en",
    "updated": 0
  }
]