[
  {
    "id": "5b03dfa6-0ba5-41c6-b651-38a6d7d8bad0",
    "data": [
      {
        "text": "Subsidies for green energy",
        "userDefined": false
      }
    ],
    "isTemplate": false,
    "count": 0,
    "lang": "en",
    "updated": 0
  },
  {
    "id": "f234b14b-9c83-401f-9e62-5479a9808470",
    "data": [
      {
        "text": "Renewable energy support",
        "userDefined": false
      }
    ],
    "isTemplate": false,
    "count": 0,
    "lang": "en",
    "updated": 0
  },
  {
    "id": "b8ff3c07-e1ed-4da2-8107-c340ca22cc93",
    "data": [
      {
        "text": "Financial aid for hydro?",
        "userDefined": false
      }
    ],
    "isTemplate": false,
    "count": 0,
    "lang": "en",
    "updated": 0
  },
  {
    "id": "1cfa5359-4c8c-4188-a181-8a13aa461106",
    "data": [
      {
        "text": "Wind turbine subsidies",
        "userDefined": false
      }
    ],
    "isTemplate": false,
    "count": 0,
    "lang": "en",
    "updated": 0
  },
  {
    "id": "fa9ed36f-1890-4fdf-b1b3-220dcab877db",
    "data": [
      {
        "text": "Government help for renewables",
        "userDefined": false
      }
    ],
    "isTemplate": false,
    "count": 0,
    "lang": "en",
    "updated": 0
  },
  {
    "id": "8c9ee559-e376-42b3-8267-432cf0c7cdeb",
    "data": [
      {
        "text": "Solar panel discounts?",
        "userDefined": false
      }
    ],
    "isTemplate": false,
    "count": 0,
    "lang": "en",
    "updated": 0
  },
  {
    "id": "e14dbcec-2570-479e-bd7f-a0d2b1124057",
    "data": [
      {
        "text": "Renewable energy incentives",
        "userDefined": false
      }
    ],
    "isTemplate": false,
    "count": 0,
    "lang": "en",
    "updated": 0
  },
  {
    "id": "b89dba76-dc90-45af-a171-8fe9b09d1140",
    "data": [
      {
        "text": "Hydro funding?",
        "userDefined": false
      }
    ],
    "isTemplate": false,
    "count": 0,
    "lang": "en",
    "updated": 0
  },
  {
    "id": "457ca7d3-e619-46f6-ab06-f57e610a5542",
    "data": [
      {
        "text": "Are there wind power grants?",
        "userDefined": false
      }
    ],
    "isTemplate": false,
    "count": 0,
    "lang": "en",
    "updated": 0
  },
  {
    "id": "5f67badd-a9f8-4a35-8b75-3cf4d7cb871d",
    "data": [
      {
        "text": "Solar subsidies?",
        "userDefined": false
      }
    ],
    "isTemplate": false,
    "count": 0,
    "lang": "en",
    "updated": 0
  }
]