[
  {
    "id": "78240fe7-9099-4878-97f5-bc62bf75f401",
    "data": [
      {
        "text": "Renewable energy trends",
        "userDefined": false
      }
    ],
    "isTemplate": false,
    "count": 0,
    "lang": "en",
    "updated": 0
  },
  {
    "id": "5cd75837-72d4-4c17-9fd3-3f05c0cd7163",
    "data": [
      {
        "text": "What\u0027s coming for renewables",
        "userDefined": false
      }
    ],
    "isTemplate": false,
    "count": 0,
    "lang": "en",
    "updated": 0
  },
  {
    "id": "0684a7cc-dacc-4dae-b41c-b755c581a1bd",
    "data": [
      {
        "text": "Future of clean energy",
        "userDefined": false
      }
    ],
    "isTemplate": false,
    "count": 0,
    "lang": "en",
    "updated": 0
  },
  {
    "id": "6ec3b805-7ac7-492c-b86b-d91a6254a77c",
    "data": [
      {
        "text": "Solar energy ",
        "userDefined": false
      },
      {
        "text": "tomorrow",
        "meta": "@sys.date-time",
        "alias": "date-time",
        "userDefined": false
      }
    ],
    "isTemplate": false,
    "count": 0,
    "lang": "en",
    "updated": 0
  },
  {
    "id": "fecf298b-69e9-4698-9052-5712baf67cf2",
    "data": [
      {
        "text": "Green",
        "meta": "@sys.color",
        "alias": "color",
        "userDefined": false
      },
      {
        "text": " energy future?",
        "userDefined": false
      }
    ],
    "isTemplate": false,
    "count": 0,
    "lang": "en",
    "updated": 0
  },
  {
    "id": "53ea92a0-59d7-45c5-be88-1303b09e9408",
    "data": [
      {
        "text": "Renewables in the future",
        "userDefined": false
      }
    ],
    "isTemplate": false,
    "count": 0,
    "lang": "en",
    "updated": 0
  },
  {
    "id": "704c41be-1a85-44b1-81f5-93353ede0dba",
    "data": [
      {
        "text": "Hydro energy trends",
        "userDefined": false
      }
    ],
    "isTemplate": false,
    "count": 0,
    "lang": "en",
    "updated": 0
  },
  {
    "id": "52b831f9-ff02-42bc-928b-222e4cad39f8",
    "data": [
      {
        "text": "Wind power future?",
        "userDefined": false
      }
    ],
    "isTemplate": false,
    "count": 0,
    "lang": "en",
    "updated": 0
  },
  {
    "id": "57d44ef4-8a83-41cd-859a-dae229bab89b",
    "data": [
      {
        "text": "What\u0027s next for solar?",
        "userDefined": false
      }
    ],
    "isTemplate": false,
    "count": 0,
    "lang": "en",
    "updated": 0
  },
  {
    "id": "60b0598d-a40f-4d09-8cf9-c1fd4cabafcc",
    "data": [
      {
        "text": "Future of renewable energy?",
        "userDefined": false
      }
    ],
    "isTemplate": false,
    "count": 0,
    "lang": "en",
    "updated": 0
  }
]