[
  {
    "id": "46a5d07a-6c66-4e48-a5f9-99fd43948222",
    "data": [
      {
        "text": "Eco energy info",
        "userDefined": false
      }
    ],
    "isTemplate": false,
    "count": 0,
    "lang": "en",
    "updated": 0
  },
  {
    "id": "4d9a3a6d-7be3-4b51-b132-00205653aa04",
    "data": [
      {
        "text": "Clean energy?",
        "userDefined": false
      }
    ],
    "isTemplate": false,
    "count": 0,
    "lang": "en",
    "updated": 0
  },
  {
    "id": "11c4c307-cb5a-46c7-83d2-5a267fe35234",
    "data": [
      {
        "text": "Why use renewable energy",
        "userDefined": false
      }
    ],
    "isTemplate": false,
    "count": 0,
    "lang": "en",
    "updated": 0
  },
  {
    "id": "18a0b41b-694f-41fb-933b-140b1d51bdd7",
    "data": [
      {
        "text": "Renewable sources",
        "userDefined": false
      }
    ],
    "isTemplate": false,
    "count": 0,
    "lang": "en",
    "updated": 0
  },
  {
    "id": "796db923-4403-4019-bdb7-f081e749a6fc",
    "data": [
      {
        "text": "Explain ",
        "userDefined": false
      },
      {
        "text": "green",
        "meta": "@sys.color",
        "alias": "color",
        "userDefined": false
      },
      {
        "text": " energy",
        "userDefined": false
      }
    ],
    "isTemplate": false,
    "count": 0,
    "lang": "en",
    "updated": 0
  },
  {
    "id": "7aa4f879-eea5-4f63-bd62-781aac044c8a",
    "data": [
      {
        "text": "What are renewables",
        "userDefined": false
      }
    ],
    "isTemplate": false,
    "count": 0,
    "lang": "en",
    "updated": 0
  },
  {
    "id": "6f9dbdc4-c75d-476a-91a8-f5e05321366f",
    "data": [
      {
        "text": "Benefits of renewables",
        "userDefined": false
      }
    ],
    "isTemplate": false,
    "count": 0,
    "lang": "en",
    "updated": 0
  },
  {
    "id": "36adfd82-9cf4-46d1-8826-34fa01f64166",
    "data": [
      {
        "text": "Why renewables?",
        "userDefined": false
      }
    ],
    "isTemplate": false,
    "count": 0,
    "lang": "en",
    "updated": 0
  },
  {
    "id": "a3e5fe82-bd95-45bf-87e4-e317356fcf90",
    "data": [
      {
        "text": "Tell me about renewables",
        "userDefined": false
      }
    ],
    "isTemplate": false,
    "count": 0,
    "lang": "en",
    "updated": 0
  },
  {
    "id": "4fa58ae6-c04f-4f05-879f-0ce61408c422",
    "data": [
      {
        "text": "Green",
        "meta": "@sys.color",
        "alias": "color",
        "userDefined": false
      },
      {
        "text": " energy?",
        "userDefined": false
      }
    ],
    "isTemplate": false,
    "count": 0,
    "lang": "en",
    "updated": 0
  },
  {
    "id": "ec55770c-7dc3-4a1d-85b2-2758fb61a0f3",
    "data": [
      {
        "text": "What\u0027s renewable energy?",
        "userDefined": false
      }
    ],
    "isTemplate": false,
    "count": 0,
    "lang": "en",
    "updated": 0
  },
  {
    "id": "7368d63e-6c0b-4817-81ae-48882a89ab01",
    "data": [
      {
        "text": "Renewable energy?",
        "userDefined": false
      }
    ],
    "isTemplate": false,
    "count": 0,
    "lang": "en",
    "updated": 0
  }
]