[
  {
    "id": "3172252c-2ace-4813-b7b4-7ebb09c46e94",
    "data": [
      {
        "text": " Which renewable is best?",
        "userDefined": false
      }
    ],
    "isTemplate": false,
    "count": 0,
    "lang": "en",
    "updated": 0
  },
  {
    "id": "1aec85ea-a804-43cb-82c2-016e89f1b32d",
    "data": [
      {
        "text": "Compare renewables Solar, wind, or hydro?",
        "userDefined": false
      }
    ],
    "isTemplate": false,
    "count": 0,
    "lang": "en",
    "updated": 0
  },
  {
    "id": "ef9af58e-c7ba-4267-8ee3-54f39c969198",
    "data": [
      {
        "text": "Best renewable energy?",
        "userDefined": false
      }
    ],
    "isTemplate": false,
    "count": 0,
    "lang": "en",
    "updated": 0
  },
  {
    "id": "181bde96-d731-4d11-9d5e-d19ce43c1317",
    "data": [
      {
        "text": "Wind vs hydro?",
        "userDefined": false
      }
    ],
    "isTemplate": false,
    "count": 0,
    "lang": "en",
    "updated": 0
  },
  {
    "id": "33dd9c9c-1a70-4d4f-a157-636f3710b31c",
    "data": [
      {
        "text": "Solar versus hydro",
        "userDefined": false
      }
    ],
    "isTemplate": false,
    "count": 0,
    "lang": "en",
    "updated": 0
  },
  {
    "id": "e8b97cce-60cd-4f04-8fbd-e4778d915fb0",
    "data": [
      {
        "text": "What\u0027s better, solar or hydro?",
        "userDefined": false
      }
    ],
    "isTemplate": false,
    "count": 1,
    "lang": "en",
    "updated": 0
  },
  {
    "id": "49312553-e7bd-4937-a07c-1c55197624bc",
    "data": [
      {
        "text": "ompare solar and wind Wind or solar?",
        "userDefined": false
      }
    ],
    "isTemplate": false,
    "count": 0,
    "lang": "en",
    "updated": 0
  },
  {
    "id": "8885d026-0c5b-48f9-ab7e-0b5b765dad5a",
    "data": [
      {
        "text": "Solar vs wind?",
        "userDefined": false
      }
    ],
    "isTemplate": false,
    "count": 0,
    "lang": "en",
    "updated": 0
  }
]