[
  {
    "id": "6467dfcc-ecfb-44b3-81bc-590631bbe921",
    "data": [
      {
        "text": "How efficient is solar?",
        "userDefined": false
      }
    ],
    "isTemplate": false,
    "count": 0,
    "lang": "en",
    "updated": 0
  },
  {
    "id": "d1b0575c-e84f-4aab-aaa8-b88cd2f49c59",
    "data": [
      {
        "text": "Wind power efficiency?",
        "userDefined": false
      }
    ],
    "isTemplate": false,
    "count": 0,
    "lang": "en",
    "updated": 0
  },
  {
    "id": "30f9725b-55e6-421d-8d86-054ef90d4008",
    "data": [
      {
        "text": "Hydro efficiency?",
        "userDefined": false
      }
    ],
    "isTemplate": false,
    "count": 0,
    "lang": "en",
    "updated": 0
  },
  {
    "id": "e418a882-5cd7-4f8a-a549-4b9f7c356ec2",
    "data": [
      {
        "text": "Renewable energy efficiency",
        "userDefined": false
      }
    ],
    "isTemplate": false,
    "count": 0,
    "lang": "en",
    "updated": 0
  },
  {
    "id": "28a5696f-7bde-43e7-8ffc-4963c37990d2",
    "data": [
      {
        "text": "Solar panel efficiency?",
        "userDefined": false
      }
    ],
    "isTemplate": false,
    "count": 0,
    "lang": "en",
    "updated": 0
  },
  {
    "id": "2f6ae65b-1e83-4ce1-b146-b15be42c5264",
    "data": [
      {
        "text": "How efficient are wind turbines?",
        "userDefined": false
      }
    ],
    "isTemplate": false,
    "count": 0,
    "lang": "en",
    "updated": 0
  },
  {
    "id": "019665f4-751d-41ff-ba55-355dfa9109fd",
    "data": [
      {
        "text": "Geothermal efficiency?",
        "userDefined": false
      }
    ],
    "isTemplate": false,
    "count": 0,
    "lang": "en",
    "updated": 0
  },
  {
    "id": "7db94ecd-ae99-4611-b51a-fc0f19843c94",
    "data": [
      {
        "text": "Biomass energy efficiency",
        "userDefined": false
      }
    ],
    "isTemplate": false,
    "count": 0,
    "lang": "en",
    "updated": 0
  },
  {
    "id": "152a7c77-70e3-488d-9587-8c5d684d1db5",
    "data": [
      {
        "text": "Efficiency of renewables?",
        "userDefined": false
      }
    ],
    "isTemplate": false,
    "count": 0,
    "lang": "en",
    "updated": 0
  },
  {
    "id": "505d7720-637a-48a3-aeb5-a9e756d9a3b1",
    "data": [
      {
        "text": "How effective are renewables",
        "userDefined": false
      }
    ],
    "isTemplate": false,
    "count": 0,
    "lang": "en",
    "updated": 0
  }
]