[
  {
    "id": "d7e9eb4c-f1be-4c70-89d0-a9bf8ed616d6",
    "data": [
      {
        "text": "Wind info",
        "userDefined": false
      }
    ],
    "isTemplate": false,
    "count": 0,
    "lang": "en",
    "updated": 0
  },
  {
    "id": "df32207f-a7c1-41df-b447-b0f18ed6a4a8",
    "data": [
      {
        "text": "Wind benefits",
        "userDefined": false
      }
    ],
    "isTemplate": false,
    "count": 0,
    "lang": "en",
    "updated": 0
  },
  {
    "id": "41f296fd-7b2b-4d59-a991-84c2ea584cc6",
    "data": [
      {
        "text": "Wind turbines?",
        "userDefined": false
      }
    ],
    "isTemplate": false,
    "count": 0,
    "lang": "en",
    "updated": 0
  },
  {
    "id": "fceb3458-422c-42db-8400-14340bf281de",
    "data": [
      {
        "text": "Explain Wind",
        "userDefined": false
      }
    ],
    "isTemplate": false,
    "count": 0,
    "lang": "en",
    "updated": 0
  },
  {
    "id": "79ec993d-1b58-44a7-ac9b-8252f25ce382",
    "data": [
      {
        "text": "What is wind power",
        "userDefined": false
      }
    ],
    "isTemplate": false,
    "count": 0,
    "lang": "en",
    "updated": 0
  },
  {
    "id": "7b21158d-55af-4a3d-9676-b08afdeb20a4",
    "data": [
      {
        "text": "Wind energy?",
        "userDefined": false
      }
    ],
    "isTemplate": false,
    "count": 0,
    "lang": "en",
    "updated": 0
  },
  {
    "id": "de387e71-ff3b-4fbd-98ee-599044bcd3f0",
    "data": [
      {
        "text": "How wind turbines work",
        "userDefined": false
      }
    ],
    "isTemplate": false,
    "count": 0,
    "lang": "en",
    "updated": 0
  },
  {
    "id": "3400dc8f-55c6-4cee-95aa-4ce0398cc589",
    "data": [
      {
        "text": "Tell me about wind",
        "userDefined": false
      }
    ],
    "isTemplate": false,
    "count": 0,
    "lang": "en",
    "updated": 0
  },
  {
    "id": "85e91ec7-18c5-49e9-89a4-2de089eab700",
    "data": [
      {
        "text": "Wind?",
        "userDefined": false
      }
    ],
    "isTemplate": false,
    "count": 0,
    "lang": "en",
    "updated": 0
  },
  {
    "id": "4a58bef7-4ba5-4697-b303-d80ae68c83a9",
    "data": [
      {
        "text": "What\u0027s wind?",
        "userDefined": false
      }
    ],
    "isTemplate": false,
    "count": 0,
    "lang": "en",
    "updated": 0
  }
]