[
  {
    "id": "a61f35ba-48b7-48c2-a99c-b7e9d5793cff",
    "data": [
      {
        "text": "What\u0027s the price of renewables",
        "userDefined": false
      }
    ],
    "isTemplate": false,
    "count": 0,
    "lang": "en",
    "updated": 0
  },
  {
    "id": "ac19b8bc-f715-4257-a386-a4ef2d273637",
    "data": [
      {
        "text": "Biomass energy cost",
        "userDefined": false
      }
    ],
    "isTemplate": false,
    "count": 0,
    "lang": "en",
    "updated": 0
  },
  {
    "id": "19a59bdb-a3be-4af8-89f4-e7d0baf0f0d5",
    "data": [
      {
        "text": "Geothermal cost?",
        "userDefined": false
      }
    ],
    "isTemplate": false,
    "count": 0,
    "lang": "en",
    "updated": 0
  },
  {
    "id": "5215ea40-febd-4dcd-8c44-2ee8ec5a1bb9",
    "data": [
      {
        "text": "Hydro power cost",
        "userDefined": false
      }
    ],
    "isTemplate": false,
    "count": 0,
    "lang": "en",
    "updated": 0
  },
  {
    "id": "74cb60ad-b778-4cc3-b975-730c09fccf91",
    "data": [
      {
        "text": "Wind turbine price?",
        "userDefined": false
      }
    ],
    "isTemplate": false,
    "count": 0,
    "lang": "en",
    "updated": 0
  },
  {
    "id": "df98bb99-ac6d-46fd-a47a-f3c086723139",
    "data": [
      {
        "text": "Cost of @energy_type ",
        "userDefined": false
      },
      {
        "text": "solar",
        "meta": "@energy_type",
        "alias": "energy_type",
        "userDefined": true
      },
      {
        "text": " ?",
        "userDefined": false
      }
    ],
    "isTemplate": false,
    "count": 0,
    "lang": "en",
    "updated": 0
  },
  {
    "id": "9445387a-6472-4ee9-b4d3-bf2fb3f9ec99",
    "data": [
      {
        "text": "Renewable costs",
        "userDefined": false
      }
    ],
    "isTemplate": false,
    "count": 0,
    "lang": "en",
    "updated": 0
  },
  {
    "id": "ea391022-5c8e-4b95-ae9a-f98b16d9f60e",
    "data": [
      {
        "text": "Price of Hydro?",
        "userDefined": false
      }
    ],
    "isTemplate": false,
    "count": 0,
    "lang": "en",
    "updated": 0
  },
  {
    "id": "86c0b93e-d4a4-41de-ad1d-2d598e488af1",
    "data": [
      {
        "text": "How much for wind?",
        "userDefined": false
      }
    ],
    "isTemplate": false,
    "count": 0,
    "lang": "en",
    "updated": 0
  },
  {
    "id": "54fa0929-36d4-4cfc-8bae-3b0c7dacf2fd",
    "data": [
      {
        "text": "Solar cost?",
        "userDefined": false
      }
    ],
    "isTemplate": false,
    "count": 0,
    "lang": "en",
    "updated": 0
  }
]